Antennas			1	2	3	4	5	6	7	8	9	10	11	12	13	14	15	16	17	18	19	20	21	22	23	24	25	26	27	28	29	30	31	32	33	34	35	36	37	38	39	40	41	42	43	44	45	46	47	48	49	50	51	52	53	54	55	56	57	58	59	60	61	62	63	64	65	66	67	68	69	70	71	72	73	74	75	76	77	78	79	80	81	82	83	84	85	86	87	88	89	90	91	92	93	94
			163,53	158,77	173,17	172,22	169,89	148,35	144,93	146,37	146,19	147,03	161,14	132,57	168,85	131,43	132,81	132,50	132,31	145,32	157,27	144,78	134,03	148,68	134,42	135,03	131,69	142,45	134,87	138,12	141,37	135,28	133,28	138,74	137,31	139,67	134,34	138,57	135,94	137,28	141,44	138,56	139,54	138,69	140,00	139,79	138,93	139,03	138,78	143,52	139,14	138,02	139,24	133,00	174,38	131,16	133,67	136,73	135,50	140,96	140,85	131,07	140,75	138,64	141,37	169,51	129,82	133,27	149,68	129,04	131,75	115,59	131,78	130,37	136,41	93,05	128,74	151,35	95,68	125,01	116,87	116,72	124,93	169,85	124,85	112,27	89,57	104,21	108,69	112,90	115,28	129,43	117,86	128,96	106,57	106,98
Nr	x [km]	y [km]	298,30	294,51	264,06	263,99	257,17	251,26	249,60	241,91	240,73	239,13	239,26	232,00	232,37	229,60	229,39	228,51	228,41	228,77	227,84	227,33	226,35	226,87	225,53	224,51	224,30	223,80	223,20	222,60	221,63	221,12	220,88	220,83	220,74	220,60	219,20	219,16	218,43	218,42	218,20	218,08	217,87	217,53	217,55	217,33	217,10	217,08	216,98	217,14	216,84	216,76	216,72	216,42	217,67	215,13	215,06	213,27	213,07	213,05	211,50	209,26	208,75	208,57	206,92	205,69	202,72	202,56	199,76	195,02	193,69	142,37	187,85	187,39	181,01	178,16	178,85	177,22	173,86	174,23	170,16	168,57	168,79	170,59	149,75	129,30	126,79	120,42	112,63	107,66	101,90	85,99	80,17	78,09	57,50	46,02
1	163,53	298,30	0,00	6,09	35,57	35,39	41,62	49,43	52,13	58,95	60,13	61,43	59,09	73,17	66,15	75,83	75,46	76,38	76,56	71,88	70,74	73,41	77,77	72,96	78,38	79,11	80,56	77,43	80,39	79,85	79,82	82,19	83,13	81,34	81,88	81,29	84,32	82,99	84,51	84,08	83,10	84,02	83,93	84,51	84,11	84,39	84,85	84,84	85,01	83,59	85,04	85,44	85,13	87,39	81,36	89,25	88,44	89,15	89,73	88,19	89,72	94,78	92,41	93,12	94,03	92,81	101,36	100,41	99,51	108,89	109,34	163,13	114,93	115,77	120,39	139,30	124,42	121,69	141,74	129,91	136,38	137,92	135,14	127,87	153,50	176,60	186,79	187,51	193,61	197,25	202,24	215,03	222,86	222,91	247,45	258,55
2	158,77	294,51	6,09	0,00	33,68	33,35	38,95	44,49	46,99	54,04	55,23	56,61	55,29	67,77	62,95	70,42	70,10	71,04	71,20	67,10	66,69	68,62	72,51	68,38	73,15	73,91	75,25	72,56	75,20	74,81	74,93	77,06	77,92	76,35	76,82	76,34	79,17	78,01	79,43	79,06	78,25	79,06	79,01	79,56	79,21	79,48	79,90	79,91	80,07	78,85	80,11	80,47	80,20	82,23	78,41	84,04	83,32	84,17	84,70	83,38	84,92	89,63	87,63	88,27	89,30	89,47	96,25	95,42	95,18	103,83	104,38	158,14	110,02	110,82	115,68	133,63	119,49	117,52	136,14	124,92	131,22	132,77	130,19	124,41	148,67	171,62	181,43	182,43	188,65	192,39	197,45	210,57	218,20	218,46	242,69	253,83
3	173,17	264,06	35,57	33,68	0,00	0,95	7,63	27,92	31,72	34,77	35,66	36,12	27,56	51,73	31,98	54,12	53,21	54,02	54,23	44,95	39,56	46,42	54,35	44,53	54,64	54,94	57,46	50,64	56,00	54,29	53,03	57,27	58,79	55,26	56,23	54,87	59,33	56,69	58,89	58,05	55,77	57,55	57,13	57,92	57,12	57,43	58,11	58,08	58,30	55,50	58,21	58,93	58,24	62,32	46,41	64,48	62,93	62,50	63,40	60,33	61,70	69,10	64,11	65,36	65,39	58,49	75,11	73,31	68,45	81,94	81,66	134,62	86,72	87,81	90,82	117,47	96,10	89,54	118,91	101,92	109,49	110,92	106,78	93,53	124,10	147,88	160,72	159,33	164,59	167,61	172,18	183,36	192,02	191,15	217,03	227,87
4	172,22	263,99	35,39	33,35	0,95	0,00	7,21	27,05	30,85	34,00	34,91	35,39	27,10	50,94	31,80	53,35	52,45	53,26	53,48	44,32	39,13	45,79	53,62	43,96	53,93	54,24	56,73	50,02	55,31	53,63	52,41	56,59	58,10	54,62	55,58	54,25	58,67	56,06	58,24	57,42	55,18	56,93	56,53	57,30	56,52	56,83	57,51	57,47	57,70	54,94	57,61	58,32	57,64	61,66	46,37	63,82	62,29	61,90	62,79	59,77	61,15	68,48	63,58	64,80	64,88	58,37	74,52	72,74	68,07	81,37	81,12	134,16	86,22	87,30	90,38	116,77	95,61	89,25	118,25	101,42	108,95	110,39	106,30	93,44	123,67	147,43	160,18	158,86	164,16	167,21	171,80	183,07	191,69	190,87	216,68	227,53
5	169,89	257,17	41,62	38,95	7,63	7,21	0,00	22,33	26,08	28,03	28,84	29,12	19,93	45,01	24,82	47,31	46,33	47,11	47,33	37,55	31,93	39,00	47,28	36,98	47,53	47,77	50,40	43,20	48,79	46,95	45,57	49,98	51,55	47,86	48,87	47,44	52,02	49,25	51,51	50,64	48,25	50,10	49,65	50,45	49,63	49,94	50,64	50,60	50,83	47,93	50,72	51,47	50,75	54,97	39,76	57,16	55,54	55,01	55,93	52,76	54,12	61,66	56,52	57,78	57,78	51,49	67,61	65,75	60,86	74,37	74,06	126,99	79,11	80,20	83,20	110,22	88,48	82,07	111,57	94,30	101,90	103,33	99,16	86,59	116,48	140,25	153,14	151,70	156,97	160,00	164,59	175,90	184,49	183,70	209,47	220,33
6	148,35	251,26	49,43	44,49	27,92	27,05	22,33	0,00	3,80	9,56	10,75	12,20	17,53	24,90	27,87	27,48	26,83	27,73	27,92	22,69	25,06	24,19	28,73	24,39	29,26	29,88	31,69	28,08	31,13	30,43	30,44	32,85	33,91	31,90	32,45	31,87	34,99	33,56	35,10	34,65	33,77	34,59	34,53	35,09	34,73	35,00	35,43	35,43	35,59	34,45	35,63	36,01	35,72	38,07	42,49	40,00	39,06	39,72	40,30	38,92	40,46	45,41	43,18	43,78	44,88	50,24	51,96	50,98	51,51	59,46	59,92	113,71	65,54	66,36	71,26	91,67	75,02	74,10	93,62	80,48	87,00	88,53	85,73	83,48	104,19	127,18	137,65	138,08	144,19	147,91	152,97	166,35	173,78	174,25	198,21	209,37
7	144,93	249,60	52,13	46,99	31,72	30,85	26,08	3,80	0,00	7,83	8,96	10,69	19,23	21,51	29,48	24,13	23,57	24,49	24,67	20,84	25,02	22,28	25,68	23,04	26,27	26,98	28,56	25,92	28,25	27,85	28,20	30,08	31,00	29,43	29,85	29,48	32,20	31,10	32,45	32,10	31,60	32,16	32,19	32,68	32,43	32,68	33,05	33,06	33,20	32,49	33,28	33,57	33,38	35,27	43,44	37,12	36,33	37,24	37,74	36,77	38,32	42,66	41,07	41,52	42,83	50,33	49,26	48,47	50,07	56,85	57,45	111,17	63,14	63,90	69,12	88,30	72,58	72,67	90,35	77,96	84,26	85,80	83,25	82,85	101,85	124,65	134,72	135,45	141,69	145,51	150,65	164,35	171,58	172,26	195,90	207,09
8	146,37	241,91	58,95	54,04	34,77	34,00	28,03	9,56	7,83	0,00	1,19	2,86	15,01	16,99	24,42	19,35	18,46	19,29	19,50	13,18	17,80	14,67	19,86	15,22	20,28	20,77	22,93	18,53	21,96	21,00	20,89	23,56	24,77	22,41	23,03	22,34	25,70	24,05	25,69	25,18	24,22	25,08	24,99	25,57	25,18	25,45	25,90	25,90	26,06	24,93	26,10	26,50	26,18	28,79	37,04	30,79	29,70	30,22	30,83	29,36	30,90	36,06	33,64	34,23	35,34	42,99	42,54	41,47	42,28	49,99	50,39	104,19	55,99	56,82	61,71	83,11	65,48	64,88	84,85	70,97	77,58	79,10	76,20	75,09	94,64	117,66	128,37	128,60	134,66	138,36	143,42	156,84	164,23	164,74	188,66	199,81
9	146,19	240,73	60,13	55,23	35,66	34,91	28,84	10,75	8,96	1,19	0,00	1,81	15,02	16,18	24,15	18,48	17,54	18,36	18,57	11,99	16,99	13,48	18,83	14,08	19,23	19,69	21,92	17,34	20,87	19,85	19,70	22,44	23,68	21,24	21,87	21,16	24,58	22,88	24,55	24,02	23,03	23,90	23,81	24,39	23,99	24,26	24,72	24,71	24,88	23,74	24,91	25,33	25,00	27,66	36,42	29,68	28,56	29,04	29,66	28,17	29,71	34,91	32,44	33,04	34,15	42,09	41,39	40,30	41,11	48,82	49,21	103,01	54,81	55,64	60,52	82,10	64,30	63,72	83,80	69,79	76,42	77,94	75,01	74,02	93,45	116,48	127,24	127,42	133,48	137,17	142,23	155,64	163,04	163,55	187,47	198,62
10	147,03	239,13	61,43	56,61	36,12	35,39	29,12	12,20	10,69	2,86	1,81	0,00	14,11	16,12	22,84	18,28	17,24	18,00	18,22	10,50	15,24	12,01	18,23	12,37	18,55	18,91	21,34	16,00	20,04	18,78	18,40	21,50	22,85	20,08	20,80	19,94	23,63	21,69	23,48	22,88	21,66	22,69	22,54	23,16	22,69	22,97	23,47	23,46	23,64	22,26	23,65	24,12	23,73	26,70	34,76	28,77	27,53	27,83	28,50	26,77	28,31	33,86	31,02	31,69	32,70	40,29	40,27	39,07	39,45	47,63	47,94	101,73	53,50	54,36	59,08	81,44	62,99	62,06	83,05	68,53	75,28	76,79	73,73	72,24	92,09	115,19	126,18	126,19	132,18	135,82	140,85	154,14	161,61	162,05	186,08	197,22
11	161,14	239,26	59,09	55,29	27,56	27,10	19,93	17,53	19,23	15,01	15,02	14,11	0,00	29,48	10,34	31,24	30,00	30,59	30,81	18,98	12,06	20,25	30,03	17,57	30,04	29,99	33,04	24,26	30,79	28,42	26,50	31,59	33,38	29,00	30,18	28,45	33,48	30,23	32,70	31,68	28,84	30,96	30,40	31,25	30,30	30,61	31,38	31,32	31,57	28,28	31,42	32,26	31,43	36,25	25,33	38,48	36,61	35,66	36,66	33,08	34,39	42,48	36,70	38,06	37,91	34,61	48,13	46,09	41,13	54,66	54,23	107,06	59,21	60,32	63,29	91,49	68,56	62,81	92,53	74,39	82,07	83,49	79,23	69,23	96,59	120,33	133,32	131,77	137,07	140,16	144,81	156,52	164,87	164,36	189,78	200,69
12	132,57	232,00	73,17	67,77	51,73	50,94	45,01	24,90	21,51	16,99	16,18	16,12	29,48	0,00	36,28	2,65	2,63	3,49	3,61	13,15	25,04	13,07	5,84	16,90	6,73	7,89	7,75	12,83	9,09	10,92	13,60	11,21	11,14	12,76	12,21	13,43	12,93	14,17	13,98	14,37	16,40	15,16	15,75	15,71	16,25	16,35	16,19	16,26	16,26	18,45	16,53	16,19	16,68	15,59	44,20	16,93	16,98	19,18	19,16	20,72	22,11	22,79	24,65	24,21	26,58	45,35	29,41	29,45	36,49	37,15	38,32	91,22	44,16	44,67	51,14	66,80	53,29	57,91	68,86	58,26	63,81	65,38	63,67	71,84	82,61	104,69	113,66	115,13	121,74	125,88	131,24	146,04	152,54	153,95	176,43	187,74
13	168,85	232,37	66,15	62,95	31,98	31,80	24,82	27,87	29,48	24,42	24,15	22,84	10,34	36,28	0,00	37,52	36,16	36,55	36,76	23,80	12,44	24,59	35,33	20,90	35,10	34,72	38,03	27,76	35,20	32,24	29,51	35,41	37,38	32,24	33,62	31,46	36,94	33,04	35,74	34,51	30,86	33,49	32,70	33,62	32,43	32,72	33,59	33,51	33,78	29,55	33,53	34,55	33,49	39,24	15,71	41,44	39,20	37,37	38,53	33,93	34,92	44,29	36,71	38,46	37,45	26,69	49,02	46,42	37,83	54,59	53,60	104,57	57,93	59,20	60,75	93,19	66,88	57,86	93,68	72,81	81,07	82,39	77,27	61,79	93,60	117,57	132,03	129,27	134,01	136,68	141,04	151,59	160,51	159,36	185,63	196,35
14	131,43	229,60	75,83	70,42	54,12	53,35	47,31	27,48	24,13	19,35	18,48	18,28	31,24	2,65	37,52	0,00	1,39	1,53	1,48	13,91	25,89	13,54	4,17	17,46	5,05	6,24	5,31	12,45	7,26	9,69	12,74	9,32	8,92	11,42	10,63	12,21	10,81	12,65	12,05	12,62	15,17	13,55	14,26	14,09	14,79	14,85	14,57	14,65	14,61	17,36	14,91	14,44	15,07	13,28	44,58	14,47	14,72	17,17	17,03	19,10	20,41	20,35	22,84	22,24	24,76	44,97	26,94	27,11	34,98	34,67	35,92	88,66	41,76	42,23	48,85	64,19	50,83	56,04	66,22	55,74	61,21	62,78	61,16	70,42	80,12	102,11	111,01	112,53	119,17	123,34	128,72	143,63	150,05	151,54	173,89	185,21
15	132,81	229,39	75,46	70,10	53,21	52,45	46,33	26,83	23,57	18,46	17,54	17,24	30,00	2,63	36,16	1,39	0,00	0,93	1,10	12,53	24,51	12,15	3,27	16,07	4,18	5,36	5,21	11,14	6,52	8,62	11,55	8,63	8,52	10,41	9,74	11,15	10,31	11,74	11,39	11,84	14,13	12,69	13,34	13,23	13,85	13,93	13,72	13,79	13,77	16,26	14,05	13,66	14,21	12,97	43,19	14,35	14,35	16,58	16,54	18,25	19,61	20,20	22,11	21,62	24,04	43,69	26,84	26,83	34,09	34,57	35,71	88,70	41,55	42,07	48,51	64,85	50,70	55,36	66,79	55,70	61,34	62,90	61,10	69,49	80,03	102,17	111,34	112,66	119,22	123,34	128,68	143,43	149,96	151,35	173,88	185,18
16	132,50	228,51	76,38	71,04	54,02	53,26	47,11	27,73	24,49	19,29	18,36	18,00	30,59	3,49	36,55	1,53	0,93	0,00	0,22	12,82	24,78	12,34	2,65	16,26	3,54	4,73	4,28	11,00	5,81	8,16	11,23	7,89	7,67	9,89	9,13	10,68	9,49	11,14	10,65	11,16	13,64	12,06	12,75	12,60	13,28	13,35	13,09	13,16	13,13	15,83	13,43	12,98	13,58	12,10	43,26	13,44	13,50	15,81	15,73	17,62	18,95	19,30	21,41	20,87	23,34	43,48	25,93	25,96	33,49	33,66	34,83	87,78	40,66	41,18	47,66	63,97	49,80	54,64	65,89	54,79	60,41	61,98	60,19	68,92	79,13	101,25	110,41	111,73	118,30	122,42	127,77	142,55	149,06	150,46	172,96	184,27
17	132,31	228,41	76,56	71,20	54,23	53,48	47,33	27,92	24,67	19,50	18,57	18,22	30,81	3,61	36,76	1,48	1,10	0,22	0,00	13,02	24,97	12,53	2,69	16,45	3,57	4,76	4,15	11,14	5,80	8,22	11,32	7,87	7,59	9,94	9,15	10,74	9,43	11,17	10,62	11,15	13,70	12,08	12,78	12,61	13,31	13,37	13,10	13,17	13,14	15,89	13,44	12,98	13,59	12,01	43,43	13,32	13,42	15,77	15,67	17,63	18,94	19,19	21,39	20,83	23,32	43,60	25,81	25,87	33,50	33,54	34,72	87,64	40,56	41,07	47,58	63,77	49,69	54,61	65,70	54,66	60,26	61,83	60,07	68,94	79,01	101,11	110,24	111,58	118,16	122,29	127,64	142,44	148,94	150,35	172,83	184,14
18	145,32	228,77	71,88	67,10	44,95	44,32	37,55	22,69	20,84	13,18	11,99	10,50	18,98	13,15	23,80	13,91	12,53	12,82	13,02	0,00	11,98	1,54	11,54	3,86	11,37	11,14	14,35	5,74	11,85	9,48	8,17	12,63	14,40	10,31	11,34	9,94	14,57	11,75	13,96	13,10	11,26	12,65	12,34	13,06	12,42	12,71	13,30	13,28	13,49	11,77	13,44	14,06	13,50	17,45	31,11	19,66	17,99	17,72	18,52	16,31	17,84	24,16	20,54	21,28	22,20	33,44	30,32	28,85	29,33	37,47	37,62	91,37	43,10	44,00	48,59	72,76	52,60	51,90	74,02	58,20	65,16	66,65	63,35	63,14	81,63	104,81	116,23	115,89	121,78	125,37	130,38	143,66	151,11	151,57	175,60	186,73
19	157,27	227,84	70,74	66,69	39,56	39,13	31,93	25,06	25,02	17,80	16,99	15,24	12,06	25,04	12,44	25,89	24,51	24,78	24,97	11,98	0,00	12,49	23,28	8,64	22,97	22,48	25,82	15,36	22,88	19,85	17,07	22,99	24,98	19,80	21,18	19,03	24,50	20,62	23,31	22,09	18,53	21,10	20,34	21,25	20,10	20,40	21,25	21,18	21,44	17,42	21,21	22,21	21,18	26,82	19,91	29,03	26,83	25,18	26,31	22,01	23,16	32,12	25,25	26,80	26,27	25,31	37,21	34,85	29,08	43,29	42,63	95,08	47,42	48,58	51,27	81,19	56,69	50,96	81,89	62,56	70,42	71,81	67,32	58,62	84,55	108,32	121,63	119,80	125,03	128,10	132,75	144,55	152,83	152,40	177,72	188,65
20	144,78	227,33	73,41	68,62	46,42	45,79	39,00	24,19	22,28	14,67	13,48	12,01	20,25	13,07	24,59	13,54	12,15	12,34	12,53	1,54	12,49	0,00	10,79	3,92	10,52	10,15	13,44	4,23	10,74	8,17	6,65	11,35	13,19	8,87	9,96	8,45	13,24	10,27	12,55	11,64	9,72	11,15	10,81	11,54	10,88	11,18	11,78	11,76	11,97	10,26	11,92	12,55	11,97	16,06	31,13	18,28	16,55	16,20	17,02	14,78	16,31	22,68	19,01	19,74	20,69	32,86	28,80	27,31	28,00	35,94	36,08	89,83	41,56	42,46	47,07	71,38	51,07	50,53	72,59	56,66	63,62	65,11	61,81	62,03	80,10	103,28	114,70	114,35	120,25	123,84	128,85	142,17	149,60	150,08	174,08	185,21
21	134,03	226,35	77,77	72,51	54,35	53,62	47,28	28,73	25,68	19,86	18,83	18,23	30,03	5,84	35,33	4,17	3,27	2,65	2,69	11,54	23,28	10,79	0,00	14,66	0,90	2,10	3,12	8,79	3,25	5,55	8,72	5,38	5,52	7,25	6,49	8,06	7,16	8,50	8,15	8,56	11,01	9,43	10,11	9,97	10,63	10,70	10,46	10,53	10,51	13,22	10,80	10,39	10,95	9,98	41,27	11,58	11,30	13,35	13,36	14,99	16,34	17,34	18,84	18,37	20,77	41,06	24,00	23,80	30,85	31,72	32,74	85,98	38,57	39,14	45,40	63,26	47,79	52,09	65,01	52,89	58,76	60,31	58,27	66,27	77,14	99,46	109,04	110,05	116,51	120,55	125,85	140,43	147,07	148,35	171,07	182,35
22	148,68	226,87	72,96	68,38	44,53	43,96	36,98	24,39	23,04	15,22	14,08	12,37	17,57	16,90	20,90	17,46	16,07	16,26	16,45	3,86	8,64	3,92	14,66	0,00	14,33	13,85	17,19	6,95	14,29	11,39	9,00	14,59	16,53	11,63	12,92	10,98	16,26	12,72	15,28	14,19	11,30	13,41	12,83	13,68	12,74	13,05	13,80	13,75	14,00	11,01	13,85	14,69	13,86	18,85	27,30	21,09	19,10	18,10	19,09	15,83	17,25	24,90	19,78	20,88	21,25	29,71	30,65	28,78	27,13	37,42	37,25	90,74	42,52	43,53	47,48	73,95	52,00	49,72	74,96	57,71	65,03	66,48	62,75	60,13	80,72	104,14	116,24	115,36	121,04	124,46	129,36	142,19	149,90	150,08	174,53	185,60
23	134,42	225,53	78,38	73,15	54,64	53,93	47,53	29,26	26,27	20,28	19,23	18,55	30,04	6,73	35,10	5,05	4,18	3,54	3,57	11,37	22,97	10,52	0,90	14,33	0,00	1,19	3,00	8,21	2,37	4,72	7,97	4,49	4,79	6,39	5,59	7,21	6,34	7,60	7,26	7,66	10,15	8,53	9,21	9,07	9,74	9,81	9,56	9,63	9,61	12,38	9,89	9,49	10,05	9,22	40,73	10,89	10,50	12,47	12,51	14,09	15,43	16,61	17,94	17,48	19,87	40,32	23,27	23,00	29,95	30,98	31,96	85,26	37,77	38,36	44,57	62,90	47,03	51,19	64,58	52,15	58,09	59,64	57,53	65,38	76,38	98,74	108,45	109,36	115,80	119,82	125,10	139,63	146,30	147,54	170,32	181,60
24	135,03	224,51	79,11	73,91	54,94	54,24	47,77	29,88	26,98	20,77	19,69	18,91	29,99	7,89	34,72	6,24	5,36	4,73	4,76	11,14	22,48	10,15	2,10	13,85	1,19	0,00	3,35	7,45	1,32	3,63	6,96	3,40	4,03	5,22	4,40	6,07	5,36	6,41	6,15	6,48	8,99	7,33	8,02	7,88	8,55	8,61	8,36	8,43	8,41	11,24	8,70	8,31	8,85	8,34	39,94	10,14	9,55	11,36	11,45	12,90	14,25	15,75	16,76	16,34	18,69	39,28	22,41	22,02	28,75	30,09	30,99	84,40	36,80	37,41	43,52	62,54	46,09	50,02	64,14	51,26	57,31	58,86	56,62	64,18	75,44	97,89	107,78	108,55	114,94	118,92	124,19	138,63	145,35	146,54	169,42	180,68
25	131,69	224,30	80,56	75,25	57,46	56,73	50,40	31,69	28,56	22,93	21,92	21,34	33,04	7,75	38,03	5,31	5,21	4,28	4,15	14,35	25,82	13,44	3,12	17,19	3,00	3,35	0,00	10,77	3,36	6,66	10,05	4,80	3,77	7,86	6,65	8,80	5,76	8,59	7,25	8,11	11,50	9,27	10,15	9,74	10,71	10,69	10,21	10,30	10,20	13,83	10,55	9,85	10,71	7,99	43,21	9,18	9,46	12,13	11,86	14,58	15,74	15,05	18,00	17,20	19,90	42,16	21,66	21,80	30,43	29,40	30,61	83,49	36,45	36,94	43,55	60,19	45,55	51,02	61,97	50,51	56,14	57,70	55,92	65,89	74,86	96,96	106,22	107,45	114,02	118,14	123,49	138,33	144,79	146,24	168,68	179,99
26	142,45	223,80	77,43	72,56	50,64	50,02	43,20	28,08	25,92	18,53	17,34	16,00	24,26	12,83	27,76	12,45	11,14	11,00	11,14	5,74	15,36	4,23	8,79	6,95	8,21	7,45	10,77	0,00	7,60	4,49	2,43	7,65	9,62	4,74	5,98	4,24	9,32	6,05	8,44	7,46	5,69	6,92	6,60	7,32	6,71	7,00	7,57	7,54	7,75	6,74	7,71	8,32	7,78	11,99	32,52	14,23	12,38	11,98	12,79	10,85	12,40	18,46	15,15	15,70	16,91	32,57	24,58	23,14	25,10	31,75	31,96	85,74	37,50	38,37	43,22	67,26	47,00	47,42	68,42	52,54	59,43	60,93	57,73	59,85	76,11	99,20	110,49	110,22	116,19	119,84	124,89	138,42	145,72	146,34	170,13	181,29
27	134,87	223,20	80,39	75,20	56,00	55,31	48,79	31,13	28,25	21,96	20,87	20,04	30,79	9,09	35,20	7,26	6,52	5,81	5,80	11,85	22,88	10,74	3,25	14,29	2,37	1,32	3,36	7,60	0,00	3,31	6,69	2,12	2,82	4,54	3,47	5,47	4,04	5,48	4,89	5,35	8,26	6,32	7,09	6,84	7,64	7,66	7,33	7,40	7,36	10,56	7,67	7,18	7,82	7,04	39,90	8,88	8,23	10,10	10,16	11,84	13,14	14,45	15,60	15,12	17,53	38,82	21,10	20,71	27,73	28,78	29,68	83,09	35,49	36,10	42,22	61,46	44,78	48,85	63,01	49,95	56,02	57,56	55,31	63,18	74,13	96,58	106,53	107,26	113,63	117,61	122,87	137,32	144,04	145,23	168,10	179,37
28	138,12	222,60	79,85	74,81	54,29	53,63	46,95	30,43	27,85	21,00	19,85	18,78	28,42	10,92	32,24	9,69	8,62	8,16	8,22	9,48	19,85	8,17	5,55	11,39	4,72	3,63	6,66	4,49	3,31	0,00	3,39	3,21	5,14	1,87	2,03	2,53	5,09	3,47	4,71	4,26	5,51	4,54	4,94	5,10	5,39	5,53	5,55	5,60	5,66	7,67	5,85	5,84	5,99	8,03	36,59	10,21	8,76	9,43	9,89	9,96	11,43	15,09	14,10	14,04	16,01	35,66	21,55	20,62	25,59	29,04	29,61	83,33	35,32	36,06	41,63	63,30	44,75	47,27	64,63	50,11	56,59	58,11	55,40	60,92	74,05	96,81	107,41	107,66	113,84	117,67	122,84	136,89	143,86	144,80	168,09	179,31
29	141,37	221,63	79,82	74,93	53,03	52,41	45,57	30,44	28,20	20,89	19,70	18,40	26,50	13,60	29,51	12,74	11,55	11,23	11,32	8,17	17,07	6,65	8,72	9,00	7,97	6,96	10,05	2,43	6,69	3,39	0,00	6,11	8,13	2,74	4,16	1,98	7,44	3,73	6,30	5,19	3,43	4,52	4,18	4,90	4,30	4,58	5,14	5,11	5,32	4,97	5,28	5,91	5,35	9,86	33,25	12,09	10,12	9,55	10,38	8,58	10,14	16,09	12,89	13,34	14,70	32,34	22,16	20,71	23,39	29,32	29,55	83,34	35,11	35,96	40,92	65,00	44,60	45,51	66,10	50,14	57,00	58,50	55,33	58,44	73,75	96,80	108,06	107,81	113,79	117,46	122,53	136,16	143,39	144,07	167,78	178,94
30	135,28	221,12	82,19	77,06	57,27	56,59	49,98	32,85	30,08	23,56	22,44	21,50	31,59	11,21	35,41	9,32	8,63	7,89	7,87	12,63	22,99	11,35	5,38	14,59	4,49	3,40	4,80	7,65	2,12	3,21	6,11	0,00	2,02	3,48	2,06	4,43	2,14	3,83	2,77	3,36	6,82	4,48	5,36	4,95	5,92	5,89	5,43	5,51	5,43	9,15	5,77	5,15	5,92	5,23	39,26	7,26	6,27	7,98	8,06	9,87	11,12	12,58	13,53	13,00	15,45	37,55	19,19	18,67	25,76	26,83	27,66	81,17	33,45	34,09	40,13	60,24	42,77	46,75	61,65	48,00	54,19	55,73	53,34	61,23	72,12	94,65	104,82	105,38	111,70	115,64	120,88	135,26	142,02	143,17	166,12	177,37
31	133,28	220,88	83,13	77,92	58,79	58,10	51,55	33,91	31,00	24,77	23,68	22,85	33,38	11,14	37,38	8,92	8,52	7,67	7,59	14,40	24,98	13,19	5,52	16,53	4,79	4,03	3,77	9,62	2,82	5,14	8,13	2,02	0,00	5,47	4,03	6,40	1,99	5,56	3,62	4,70	8,59	5,98	6,95	6,36	7,50	7,42	6,80	6,89	6,75	10,90	7,12	6,29	7,27	4,47	41,23	6,12	5,84	8,35	8,12	10,97	12,06	11,83	14,25	13,43	16,13	39,29	18,49	18,32	26,74	26,20	27,23	80,47	33,06	33,62	40,00	58,68	42,27	47,25	60,20	47,37	53,31	54,86	52,75	62,18	71,62	93,95	103,75	104,58	111,01	115,03	120,33	134,94	141,55	142,86	165,55	176,83
32	138,74	220,83	81,34	76,35	55,26	54,62	47,86	31,90	29,43	22,41	21,24	20,08	29,00	12,76	32,24	11,42	10,41	9,89	9,94	10,31	19,80	8,87	7,25	11,63	6,39	5,22	7,86	4,74	4,54	1,87	2,74	3,48	5,47	0,00	1,44	0,96	4,70	1,69	3,69	2,82	3,77	2,76	3,07	3,31	3,52	3,66	3,73	3,77	3,86	6,04	4,02	4,14	4,15	7,25	35,78	9,48	7,69	7,82	8,42	8,09	9,57	13,89	12,25	12,27	14,16	34,30	20,20	19,08	23,74	27,58	28,03	81,80	33,71	34,48	39,90	62,53	43,16	45,40	63,73	48,58	55,20	56,71	53,84	59,09	72,43	95,28	106,13	106,19	112,30	116,08	121,22	135,16	142,20	143,08	166,47	177,68
33	137,31	220,74	81,88	76,82	56,23	55,58	48,87	32,45	29,85	23,03	21,87	20,80	30,18	12,21	33,62	10,63	9,74	9,13	9,15	11,34	21,18	9,96	6,49	12,92	5,59	4,40	6,65	5,98	3,47	2,03	4,16	2,06	4,03	1,44	0,00	2,37	3,34	2,02	2,69	2,32	4,85	2,95	3,64	3,50	4,18	4,22	3,98	4,05	4,05	7,18	4,31	4,05	4,47	6,11	37,20	8,32	6,75	7,49	7,89	8,52	9,90	13,07	12,48	12,25	14,41	35,55	19,52	18,63	24,35	27,02	27,62	81,32	33,35	34,07	39,75	61,42	42,76	45,73	62,69	48,11	54,56	56,08	53,40	59,79	72,07	94,80	105,39	105,64	111,84	115,68	120,86	134,98	141,91	142,90	166,11	177,34
34	139,67	220,60	81,29	76,34	54,87	54,25	47,44	31,87	29,48	22,34	21,16	19,94	28,45	13,43	31,46	12,21	11,15	10,68	10,74	9,94	19,03	8,45	8,06	10,98	7,21	6,07	8,80	4,24	5,47	2,53	1,98	4,43	6,40	0,96	2,37	0,00	5,51	1,81	4,32	3,23	2,98	2,75	2,73	3,22	3,06	3,27	3,57	3,58	3,73	5,17	3,80	4,18	3,90	7,88	34,83	10,11	8,16	7,89	8,61	7,65	9,17	14,23	11,90	12,07	13,78	33,36	20,41	19,14	23,11	27,70	28,05	81,84	33,68	34,49	39,72	63,05	43,16	44,92	64,18	48,63	55,35	56,86	53,86	58,41	72,38	95,32	106,35	106,27	112,33	116,06	121,17	134,99	142,11	142,91	166,42	177,61
35	134,34	219,20	84,32	79,17	59,33	58,67	52,02	34,99	32,20	25,70	24,58	23,63	33,48	12,93	36,94	10,81	10,31	9,49	9,43	14,57	24,50	13,24	7,16	16,26	6,34	5,36	5,76	9,32	4,04	5,09	7,44	2,14	1,99	4,70	3,34	5,51	0,00	4,22	1,77	3,04	7,17	4,37	5,36	4,65	5,89	5,76	5,04	5,14	4,97	9,40	5,34	4,41	5,49	3,09	40,07	5,16	4,19	6,39	6,24	9,03	10,08	10,46	12,25	11,47	14,14	37,68	17,09	16,67	24,75	24,75	25,64	79,08	31,45	32,06	38,24	58,22	40,73	45,29	59,58	45,92	52,06	53,60	51,27	60,19	70,09	92,56	102,68	103,27	109,61	113,57	118,83	133,29	140,00	141,21	164,06	175,33
36	138,57	219,16	82,99	78,01	56,69	56,06	49,25	33,56	31,10	24,05	22,88	21,69	30,23	14,17	33,04	12,65	11,74	11,14	11,17	11,75	20,62	10,27	8,50	12,72	7,60	6,41	8,59	6,05	5,48	3,47	3,73	3,83	5,56	1,69	2,02	1,81	4,22	0,00	2,73	1,48	3,03	1,08	1,61	1,64	2,15	2,20	2,09	2,13	2,19	5,35	2,39	2,46	2,53	6,21	35,85	8,43	6,38	6,17	6,82	6,56	7,99	12,42	10,64	10,59	12,55	33,75	18,62	17,42	22,35	25,95	26,37	80,15	32,04	32,81	38,21	61,26	41,49	43,84	62,38	46,93	53,59	55,10	52,18	57,77	70,75	93,62	104,56	104,54	110,64	114,41	119,55	133,48	140,52	141,40	164,80	176,00
37	135,94	218,43	84,51	79,43	58,89	58,24	51,51	35,10	32,45	25,69	24,55	23,48	32,70	13,98	35,74	12,05	11,39	10,65	10,62	13,96	23,31	12,55	8,15	15,28	7,26	6,15	7,25	8,44	4,89	4,71	6,30	2,77	3,62	3,69	2,69	4,32	1,77	2,73	0,00	1,34	5,50	2,65	3,64	2,89	4,15	4,00	3,27	3,37	3,19	7,69	3,57	2,67	3,72	3,57	38,45	5,80	4,06	5,22	5,38	7,36	8,49	10,38	10,81	10,23	12,72	35,91	16,86	16,09	23,18	24,40	25,09	78,73	30,86	31,54	37,43	58,84	40,23	44,00	60,06	45,53	51,90	53,43	50,84	58,64	69,57	92,21	102,71	103,02	109,25	113,14	118,34	132,60	139,43	140,51	163,59	174,83
38	137,28	218,42	84,08	79,06	58,05	57,42	50,64	34,65	32,10	25,18	24,02	22,88	31,68	14,37	34,51	12,62	11,84	11,16	11,15	13,10	22,09	11,64	8,56	14,19	7,66	6,48	8,11	7,46	5,35	4,26	5,19	3,36	4,70	2,82	2,32	3,23	3,04	1,48	1,34	0,00	4,16	1,33	2,33	1,67	2,86	2,74	2,11	2,21	2,09	6,37	2,44	1,82	2,60	4,73	37,11	6,95	4,93	5,18	5,65	6,51	7,79	11,07	10,28	9,95	12,21	34,66	17,39	16,36	22,40	24,81	25,35	79,08	31,07	31,80	37,43	59,82	40,49	43,54	60,96	45,86	52,41	53,93	51,15	57,87	69,79	92,56	103,31	103,43	109,59	113,41	118,58	132,67	139,61	140,58	163,83	175,05
39	141,44	218,20	83,10	78,25	55,77	55,18	48,25	33,77	31,60	24,22	23,03	21,66	28,84	16,40	30,86	15,17	14,13	13,64	13,70	11,26	18,53	9,72	11,01	11,30	10,15	8,99	11,50	5,69	8,26	5,51	3,43	6,82	8,59	3,77	4,85	2,98	7,17	3,03	5,50	4,16	0,00	2,88	1,93	2,83	1,58	1,87	2,74	2,66	2,92	2,33	2,68	3,71	2,65	8,63	32,95	10,72	8,38	6,81	7,85	5,17	6,72	13,69	9,48	10,03	11,28	30,74	19,36	17,64	20,19	26,29	26,36	80,11	31,85	32,74	37,53	62,81	41,35	42,16	63,72	46,93	53,96	55,44	52,09	55,44	70,43	93,56	105,10	104,62	110,53	114,16	119,20	132,75	140,03	140,67	164,44	175,60
40	138,56	218,08	84,02	79,06	57,55	56,93	50,10	34,59	32,16	25,08	23,90	22,69	30,96	15,16	33,49	13,55	12,69	12,06	12,08	12,65	21,10	11,15	9,43	13,41	8,53	7,33	9,27	6,92	6,32	4,54	4,52	4,48	5,98	2,76	2,95	2,75	4,37	1,08	2,65	1,33	2,88	0,00	1,00	0,56	1,53	1,44	1,04	1,10	1,12	5,04	1,37	1,43	1,52	5,81	35,82	7,96	5,75	5,14	5,87	5,57	6,96	11,57	9,58	9,51	11,50	33,34	17,67	16,40	21,42	24,95	25,32	79,11	30,98	31,77	37,13	60,54	40,44	42,81	61,59	45,89	52,60	54,11	51,14	56,87	69,69	92,59	103,61	103,52	109,60	113,36	118,48	132,40	139,45	140,32	163,74	174,93
41	139,54	217,87	83,93	79,01	57,13	56,53	49,65	34,53	32,19	24,99	23,81	22,54	30,40	15,75	32,70	14,26	13,34	12,75	12,78	12,34	20,34	10,81	10,11	12,83	9,21	8,02	10,15	6,60	7,09	4,94	4,18	5,36	6,95	3,07	3,64	2,73	5,36	1,61	3,64	2,33	1,93	1,00	0,00	0,92	0,56	0,60	0,98	0,95	1,17	4,05	1,11	1,88	1,19	6,70	34,84	8,81	6,51	5,39	6,28	5,03	6,50	12,08	9,20	9,35	11,10	32,35	18,00	16,55	20,75	25,15	25,41	79,20	31,01	31,84	37,00	61,15	40,49	42,33	62,13	45,99	52,83	54,32	51,21	56,16	69,68	92,67	103,89	103,66	109,67	113,38	118,48	132,27	139,40	140,18	163,73	174,91
42	138,69	217,53	84,51	79,56	57,92	57,30	50,45	35,09	32,68	25,57	24,39	23,16	31,25	15,71	33,62	14,09	13,23	12,60	12,61	13,06	21,25	11,54	9,97	13,68	9,07	7,88	9,74	7,32	6,84	5,10	4,90	4,95	6,36	3,31	3,50	3,22	4,65	1,64	2,89	1,67	2,83	0,56	0,92	0,00	1,32	1,12	0,49	0,56	0,56	4,85	0,83	1,02	0,98	5,80	35,70	7,89	5,59	4,68	5,48	5,02	6,40	11,24	9,02	8,96	10,94	33,02	17,26	15,92	20,89	24,49	24,83	78,62	30,47	31,27	36,59	60,27	39,94	42,25	61,29	45,40	52,15	53,66	50,64	56,34	69,17	92,09	103,18	103,04	109,10	112,85	117,97	131,86	138,92	139,78	163,22	174,41
43	140,00	217,55	84,11	79,21	57,12	56,52	49,63	34,73	32,43	25,18	23,99	22,69	30,30	16,25	32,43	14,79	13,85	13,28	13,31	12,42	20,10	10,88	10,63	12,74	9,74	8,55	10,71	6,71	7,64	5,39	4,30	5,92	7,50	3,52	4,18	3,06	5,89	2,15	4,15	2,86	1,58	1,53	0,56	1,32	0,00	0,31	1,16	1,08	1,35	3,54	1,12	2,13	1,13	7,10	34,38	9,16	6,80	5,38	6,36	4,60	6,11	12,19	8,83	9,09	10,72	31,81	17,99	16,43	20,25	25,06	25,25	79,04	30,82	31,67	36,72	61,29	40,31	41,90	62,23	45,84	52,74	54,23	51,03	55,65	69,47	92,50	103,83	103,51	109,50	113,18	118,26	131,98	139,15	139,90	163,51	174,68
44	139,79	217,33	84,39	79,48	57,43	56,83	49,94	35,00	32,68	25,45	24,26	22,97	30,61	16,35	32,72	14,85	13,93	13,35	13,37	12,71	20,40	11,18	10,70	13,05	9,81	8,61	10,69	7,00	7,66	5,53	4,58	5,89	7,42	3,66	4,22	3,27	5,76	2,20	4,00	2,74	1,87	1,44	0,60	1,12	0,31	0,00	0,89	0,80	1,06	3,74	0,81	1,85	0,82	6,85	34,60	8,90	6,52	5,08	6,04	4,43	5,92	11,88	8,63	8,83	10,52	31,92	17,69	16,14	20,16	24,76	24,97	78,76	30,54	31,39	36,48	60,98	40,03	41,74	61,92	45,56	52,44	53,93	50,76	55,57	69,20	92,22	103,53	103,23	109,22	112,91	118,00	131,74	138,90	139,66	163,24	174,42
45	138,93	217,10	84,85	79,90	58,11	57,51	50,64	35,43	33,05	25,90	24,72	23,47	31,38	16,19	33,59	14,57	13,72	13,09	13,10	13,30	21,25	11,78	10,46	13,80	9,56	8,36	10,21	7,57	7,33	5,55	5,14	5,43	6,80	3,73	3,98	3,57	5,04	2,09	3,27	2,11	2,74	1,04	0,98	0,49	1,16	0,89	0,00	0,10	0,19	4,59	0,34	0,97	0,50	5,97	35,46	8,01	5,64	4,42	5,30	4,53	5,92	11,10	8,55	8,54	10,47	32,65	17,03	15,61	20,40	24,20	24,49	78,29	30,12	30,93	36,19	60,18	39,59	41,77	61,16	45,07	51,87	53,37	50,30	55,86	68,81	91,76	102,92	102,73	108,76	112,49	117,60	131,46	138,54	139,37	162,85	174,04
46	139,03	217,08	84,84	79,91	58,08	57,47	50,60	35,43	33,06	25,90	24,71	23,46	31,32	16,26	33,51	14,65	13,79	13,16	13,17	13,28	21,18	11,76	10,53	13,75	9,63	8,43	10,30	7,54	7,40	5,60	5,11	5,51	6,89	3,77	4,05	3,58	5,14	2,13	3,37	2,21	2,66	1,10	0,95	0,56	1,08	0,80	0,10	0,00	0,26	4,49	0,27	1,05	0,42	6,07	35,36	8,10	5,72	4,44	5,34	4,47	5,87	11,15	8,50	8,52	10,42	32,54	17,06	15,62	20,33	24,21	24,50	78,29	30,11	30,93	36,17	60,24	39,59	41,72	61,21	45,08	51,89	53,39	50,30	55,78	68,80	91,76	102,95	102,74	108,77	112,49	117,60	131,44	138,53	139,35	162,85	174,04
47	138,78	216,98	85,01	80,07	58,30	57,70	50,83	35,59	33,20	26,06	24,88	23,64	31,57	16,26	33,78	14,61	13,77	13,13	13,14	13,49	21,44	11,97	10,51	14,00	9,61	8,41	10,20	7,75	7,36	5,66	5,32	5,43	6,75	3,86	4,05	3,73	4,97	2,19	3,19	2,09	2,92	1,12	1,17	0,56	1,35	1,06	0,19	0,26	0,00	4,74	0,38	0,79	0,53	5,81	35,61	7,84	5,46	4,23	5,11	4,49	5,85	10,91	8,46	8,41	10,38	32,74	16,84	15,43	20,37	24,02	24,33	78,12	29,96	30,76	36,05	59,99	39,43	41,69	60,96	44,91	51,69	53,19	50,13	55,83	68,65	91,59	102,74	102,56	108,60	112,33	117,45	131,32	138,39	139,23	162,70	173,89
48	143,52	217,14	83,59	78,85	55,50	54,94	47,93	34,45	32,49	24,93	23,74	22,26	28,28	18,45	29,55	17,36	16,26	15,83	15,89	11,77	17,42	10,26	13,22	11,01	12,38	11,24	13,83	6,74	10,56	7,67	4,97	9,15	10,90	6,04	7,18	5,17	9,40	5,35	7,69	6,37	2,33	5,04	4,05	4,85	3,54	3,74	4,59	4,49	4,74	0,00	4,39	5,51	4,30	10,55	30,87	12,52	10,06	7,81	9,00	4,83	6,24	14,73	8,84	9,87	10,45	28,41	19,90	17,82	18,44	26,44	26,24	79,81	31,56	32,54	36,83	63,78	41,05	40,68	64,51	46,73	54,02	55,47	51,80	53,48	69,93	93,23	105,24	104,40	110,17	113,68	118,65	131,91	139,35	139,82	163,87	174,98
49	139,14	216,84	85,04	80,11	58,21	57,61	50,72	35,63	33,28	26,10	24,91	23,65	31,42	16,53	33,53	14,91	14,05	13,43	13,44	13,44	21,21	11,92	10,80	13,85	9,89	8,70	10,55	7,71	7,67	5,85	5,28	5,77	7,12	4,02	4,31	3,80	5,34	2,39	3,57	2,44	2,68	1,37	1,11	0,83	1,12	0,81	0,34	0,27	0,38	4,39	0,00	1,12	0,16	6,16	35,26	8,15	5,74	4,30	5,24	4,20	5,60	11,07	8,25	8,28	10,16	32,36	16,92	15,43	20,06	24,04	24,30	78,09	29,90	30,73	35,93	60,17	39,38	41,45	61,12	44,88	51,72	53,21	50,10	55,52	68,59	91,56	102,79	102,54	108,57	112,28	117,38	131,20	138,31	139,12	162,63	173,82
50	138,02	216,76	85,44	80,47	58,93	58,32	51,47	36,01	33,57	26,50	25,33	24,12	32,26	16,19	34,55	14,44	13,66	12,98	12,98	14,06	22,21	12,55	10,39	14,69	9,49	8,31	9,85	8,32	7,18	5,84	5,91	5,15	6,29	4,14	4,05	4,18	4,41	2,46	2,67	1,82	3,71	1,43	1,88	1,02	2,13	1,85	0,97	1,05	0,79	5,51	1,12	0,00	1,22	5,04	36,37	7,05	4,67	3,72	4,47	4,73	5,97	10,22	8,46	8,21	10,39	33,38	16,26	14,97	20,61	23,52	23,91	77,69	29,57	30,35	35,79	59,27	39,03	41,72	60,27	44,47	51,18	52,68	49,72	56,08	68,29	91,17	102,19	102,10	108,18	111,95	117,08	131,05	138,06	138,96	162,34	173,54
51	139,24	216,72	85,13	80,20	58,24	57,64	50,75	35,72	33,38	26,18	25,00	23,73	31,43	16,68	33,49	15,07	14,21	13,58	13,59	13,50	21,18	11,97	10,95	13,86	10,05	8,85	10,71	7,78	7,82	5,99	5,35	5,92	7,27	4,15	4,47	3,90	5,49	2,53	3,72	2,60	2,65	1,52	1,19	0,98	1,13	0,82	0,50	0,42	0,53	4,30	0,16	1,22	0,00	6,25	35,15	8,23	5,81	4,26	5,23	4,05	5,46	11,06	8,11	8,17	10,02	32,22	16,87	15,36	19,91	23,97	24,22	78,01	29,82	30,64	35,82	60,17	39,30	41,31	61,11	44,80	51,66	53,15	50,01	55,36	68,49	91,48	102,74	102,47	108,48	112,19	117,29	131,09	138,21	139,01	162,54	173,72
52	133,00	216,42	87,39	82,23	62,32	61,66	54,97	38,07	35,27	28,79	27,66	26,70	36,25	15,59	39,24	13,28	12,97	12,10	12,01	17,45	26,82	16,06	9,98	18,85	9,22	8,34	7,99	11,99	7,04	8,03	9,86	5,23	4,47	7,25	6,11	7,88	3,09	6,21	3,57	4,73	8,63	5,81	6,70	5,80	7,10	6,85	5,97	6,07	5,81	10,55	6,16	5,04	6,25	0,00	41,41	2,24	1,52	4,88	4,18	8,65	9,27	7,41	10,90	9,67	12,66	38,06	14,06	13,86	23,57	21,76	22,76	76,06	28,59	29,15	35,58	55,32	37,81	43,28	56,60	42,93	48,99	50,54	48,30	58,81	67,16	89,55	99,60	100,22	106,60	110,60	115,88	130,48	137,08	138,39	161,10	172,38
53	174,38	217,67	81,36	78,41	46,41	46,37	39,76	42,49	43,44	37,04	36,42	34,76	25,33	44,20	15,71	44,58	43,19	43,26	43,43	31,11	19,91	31,13	41,27	27,30	40,73	39,94	43,21	32,52	39,90	36,59	33,25	39,26	41,23	35,78	37,20	34,83	40,07	35,85	38,45	37,11	32,95	35,82	34,84	35,70	34,38	34,60	35,46	35,36	35,61	30,87	35,26	36,37	35,15	41,41	0,00	43,29	40,79	37,91	39,16	33,74	34,09	44,12	34,80	36,88	34,72	12,94	47,01	43,80	30,51	50,68	48,92	95,53	52,00	53,43	52,79	90,42	59,92	46,54	90,07	65,76	74,60	75,73	69,53	47,30	84,06	108,01	124,31	119,92	123,89	126,02	129,98	139,14	148,66	146,79	173,94	184,41
54	131,16	215,13	89,25	84,04	64,48	63,82	57,16	40,00	37,12	30,79	29,68	28,77	38,48	16,93	41,44	14,47	14,35	13,44	13,32	19,66	29,03	18,28	11,58	21,09	10,89	10,14	9,18	14,23	8,88	10,21	12,09	7,26	6,12	9,48	8,32	10,11	5,16	8,43	5,80	6,95	10,72	7,96	8,81	7,89	9,16	8,90	8,01	8,10	7,84	12,52	8,15	7,05	8,23	2,24	43,29	0,00	2,51	5,87	4,80	10,02	10,35	5,87	11,51	9,95	13,10	39,50	12,49	12,75	24,06	20,22	21,45	74,41	27,29	27,76	34,53	53,11	36,37	42,95	54,43	41,36	47,19	48,75	46,76	59,00	65,69	87,89	97,65	98,47	104,94	109,01	114,34	129,15	135,62	137,06	159,54	170,84
55	133,67	215,06	88,44	83,32	62,93	62,29	55,54	39,06	36,33	29,70	28,56	27,53	36,61	16,98	39,20	14,72	14,35	13,50	13,42	17,99	26,83	16,55	11,30	19,10	10,50	9,55	9,46	12,38	8,23	8,76	10,12	6,27	5,84	7,69	6,75	8,16	4,19	6,38	4,06	4,93	8,38	5,75	6,51	5,59	6,80	6,52	5,64	5,72	5,46	10,06	5,74	4,67	5,81	1,52	40,79	2,51	0,00	3,54	2,70	7,56	8,01	6,36	9,48	8,17	11,20	37,04	12,93	12,51	22,13	20,57	21,46	74,90	27,27	27,87	34,16	54,88	36,54	41,76	56,04	41,73	47,94	49,48	47,08	57,32	65,90	88,38	98,68	99,12	105,43	109,38	114,64	129,14	135,81	137,05	159,87	171,13
56	136,73	213,27	89,15	84,17	62,50	61,90	55,01	39,72	37,24	30,22	29,04	27,83	35,66	19,18	37,37	17,17	16,58	15,81	15,77	17,72	25,18	16,20	13,35	18,10	12,47	11,36	12,13	11,98	10,10	9,43	9,55	7,98	8,35	7,82	7,49	7,89	6,39	6,17	5,22	5,18	6,81	5,14	5,39	4,68	5,38	5,08	4,42	4,44	4,23	7,81	4,30	3,72	4,26	4,88	37,91	5,87	3,54	0,00	1,25	4,24	4,49	6,94	6,05	5,08	7,86	33,65	12,62	11,26	18,71	19,81	20,21	73,98	25,90	26,66	32,27	56,05	35,34	38,90	56,91	40,76	47,47	48,97	46,02	54,03	64,62	87,46	98,51	98,38	104,48	108,26	113,42	127,49	134,43	135,41	158,67	169,88
57	135,50	213,07	89,73	84,70	63,40	62,79	55,93	40,30	37,74	30,83	29,66	28,50	36,66	19,16	38,53	17,03	16,54	15,73	15,67	18,52	26,31	17,02	13,36	19,09	12,51	11,45	11,86	12,79	10,16	9,89	10,38	8,06	8,12	8,42	7,89	8,61	6,24	6,82	5,38	5,65	7,85	5,87	6,28	5,48	6,36	6,04	5,30	5,34	5,11	9,00	5,24	4,47	5,23	4,18	39,16	4,80	2,70	1,25	0,00	5,46	5,58	5,84	6,79	5,49	8,50	34,81	11,80	10,74	19,44	19,17	19,74	73,44	25,49	26,19	32,07	54,96	34,88	39,19	55,88	40,22	46,78	48,29	45,52	54,63	64,20	86,92	97,74	97,78	103,96	107,80	112,99	127,22	134,06	135,14	158,23	169,46
58	140,96	213,05	88,19	83,38	60,33	59,77	52,76	38,92	36,77	29,36	28,17	26,77	33,08	20,72	33,93	19,10	18,25	17,62	17,63	16,31	22,01	14,78	14,99	15,83	14,09	12,90	14,58	10,85	11,84	9,96	8,58	9,87	10,97	8,09	8,52	7,65	9,03	6,56	7,36	6,51	5,17	5,57	5,03	5,02	4,60	4,43	4,53	4,47	4,49	4,83	4,20	4,73	4,05	8,65	33,74	10,02	7,56	4,24	5,46	0,00	1,55	10,59	4,31	5,05	6,14	29,49	15,20	13,01	15,89	21,61	21,44	75,09	26,82	27,77	32,37	59,27	36,32	37,31	59,88	41,97	49,20	50,66	47,07	51,36	65,32	88,53	100,41	99,65	105,48	109,06	114,08	127,58	134,87	135,50	159,31	170,45
59	140,85	211,50	89,72	84,92	61,70	61,15	54,12	40,46	38,32	30,90	29,71	28,31	34,39	22,11	34,92	20,41	19,61	18,95	18,94	17,84	23,16	16,31	16,34	17,25	15,43	14,25	15,74	12,40	13,14	11,43	10,14	11,12	12,06	9,57	9,90	9,17	10,08	7,99	8,49	7,79	6,72	6,96	6,50	6,40	6,11	5,92	5,92	5,87	5,85	6,24	5,60	5,97	5,46	9,27	34,09	10,35	8,01	4,49	5,58	1,55	0,00	10,03	2,76	3,67	4,61	29,24	14,10	11,72	14,69	20,28	20,01	73,60	25,33	26,30	30,82	58,28	34,83	35,85	58,80	40,50	47,80	49,25	45,58	50,15	63,79	87,03	99,03	98,17	103,97	107,53	112,54	126,03	133,33	133,94	157,77	168,92
60	131,07	209,26	94,78	89,63	69,10	68,48	61,66	45,41	42,66	36,06	34,91	33,86	42,48	22,79	44,29	20,35	20,20	19,30	19,19	24,16	32,12	22,68	17,34	24,90	16,61	15,75	15,05	18,46	14,45	15,09	16,09	12,58	11,83	13,89	13,07	14,23	10,46	12,42	10,38	11,07	13,69	11,57	12,08	11,24	12,19	11,88	11,10	11,15	10,91	14,73	11,07	10,22	11,06	7,41	44,12	5,87	6,36	6,94	5,84	10,59	10,03	0,00	9,69	7,60	10,56	38,61	6,66	7,05	20,89	14,38	15,59	68,65	21,42	21,89	28,75	49,12	30,50	37,92	50,06	35,55	41,60	43,14	40,93	54,76	59,83	82,14	92,33	92,81	99,19	103,21	108,51	123,28	129,76	131,19	153,73	165,01
61	140,75	208,75	92,41	87,63	64,11	63,58	56,52	43,18	41,07	33,64	32,44	31,02	36,70	24,65	36,71	22,84	22,11	21,41	21,39	20,54	25,25	19,01	18,84	19,78	17,94	16,76	18,00	15,15	15,60	14,10	12,89	13,53	14,25	12,25	12,48	11,90	12,25	10,64	10,81	10,28	9,48	9,58	9,20	9,02	8,83	8,63	8,55	8,50	8,46	8,84	8,25	8,46	8,11	10,90	34,80	11,51	9,48	6,05	6,79	4,31	2,76	9,69	0,00	2,11	1,93	28,93	12,48	9,70	12,67	18,04	17,54	70,98	22,74	23,75	28,08	56,66	32,22	33,26	56,99	37,93	45,38	46,81	42,97	47,99	61,10	84,39	96,63	95,58	101,33	104,85	109,84	123,28	130,60	131,19	155,06	166,20
62	138,64	208,57	93,12	88,27	65,36	64,80	57,78	43,78	41,52	34,23	33,04	31,69	38,06	24,21	38,46	22,24	21,62	20,87	20,83	21,28	26,80	19,74	18,37	20,88	17,48	16,34	17,20	15,70	15,12	14,04	13,34	13,00	13,43	12,27	12,25	12,07	11,47	10,59	10,23	9,95	10,03	9,51	9,35	8,96	9,09	8,83	8,54	8,52	8,41	9,87	8,28	8,21	8,17	9,67	36,88	9,95	8,17	5,08	5,49	5,05	3,67	7,60	2,11	0,00	3,18	31,00	10,59	8,06	14,11	16,60	16,40	70,09	21,82	22,74	27,65	54,81	31,33	33,82	55,23	36,94	44,15	45,61	42,07	49,15	60,41	83,53	95,37	94,63	100,51	104,13	109,19	122,92	130,07	130,84	154,44	165,60
63	141,37	206,92	94,03	89,30	65,39	64,88	57,78	44,88	42,83	35,34	34,15	32,70	37,91	26,58	37,45	24,76	24,04	23,34	23,32	22,20	26,27	20,69	20,77	21,25	19,87	18,69	19,90	16,91	17,53	16,01	14,70	15,45	16,13	14,16	14,41	13,78	14,14	12,55	12,72	12,21	11,28	11,50	11,10	10,94	10,72	10,52	10,47	10,42	10,38	10,45	10,16	10,39	10,02	12,66	34,72	13,10	11,20	7,86	8,50	6,14	4,61	10,56	1,93	3,18	0,00	28,17	12,29	9,20	10,97	17,13	16,36	69,50	21,35	22,42	26,39	56,23	30,78	31,33	56,39	36,55	44,18	45,59	41,52	46,16	59,51	82,89	95,42	94,14	99,80	103,26	108,21	121,52	128,91	129,43	153,42	164,54
64	169,51	205,69	92,81	89,47	58,49	58,37	51,49	50,24	50,33	42,99	42,09	40,29	34,61	45,35	26,69	44,97	43,69	43,48	43,60	33,44	25,31	32,86	41,06	29,71	40,32	39,28	42,16	32,57	38,82	35,66	32,34	37,55	39,29	34,30	35,55	33,36	37,68	33,75	35,91	34,66	30,74	33,34	32,35	33,02	31,81	31,92	32,65	32,54	32,74	28,41	32,36	33,38	32,22	38,06	12,94	39,50	37,04	33,65	34,81	29,49	29,24	38,61	28,93	31,00	28,17	0,00	39,81	36,38	20,70	41,85	39,62	83,16	41,74	43,21	41,29	81,27	48,82	33,76	80,40	54,49	63,51	64,53	57,87	35,10	71,58	95,45	112,32	107,40	111,17	113,20	117,10	126,23	135,73	133,89	161,00	171,48
65	129,82	202,72	101,36	96,25	75,11	74,52	67,61	51,96	49,26	42,54	41,39	40,27	48,13	29,41	49,02	26,94	26,84	25,93	25,81	30,32	37,21	28,80	24,00	30,65	23,27	22,41	21,66	24,58	21,10	21,55	22,16	19,19	18,49	20,20	19,52	20,41	17,09	18,62	16,86	17,39	19,36	17,67	18,00	17,26	17,99	17,69	17,03	17,06	16,84	19,90	16,92	16,26	16,87	14,06	47,01	12,49	12,93	12,62	11,80	15,20	14,10	6,66	12,48	10,59	12,29	39,81	0,00	3,46	20,08	7,74	9,23	62,00	15,00	15,34	22,69	44,22	23,89	33,37	44,70	28,89	35,04	36,57	34,28	51,33	53,20	75,48	85,94	86,19	92,53	96,55	101,86	116,73	123,13	124,63	147,07	158,36
66	133,27	202,56	100,41	95,42	73,31	72,74	65,75	50,98	48,47	41,47	40,30	39,07	46,09	29,45	46,42	27,11	26,83	25,96	25,87	28,85	34,85	27,31	23,80	28,78	23,00	22,02	21,80	23,14	20,71	20,62	20,71	18,67	18,32	19,08	18,63	19,14	16,67	17,42	16,09	16,36	17,64	16,40	16,55	15,92	16,43	16,14	15,61	15,62	15,43	17,82	15,43	14,97	15,36	13,86	43,80	12,75	12,51	11,26	10,74	13,01	11,72	7,05	9,70	8,06	9,20	36,38	3,46	0,00	16,64	8,64	9,00	62,73	14,78	15,45	21,78	47,05	24,14	31,13	47,29	29,51	36,32	37,80	34,78	48,58	53,47	76,21	87,47	87,13	93,23	97,06	102,25	116,63	123,35	124,54	147,50	158,73
67	149,68	199,76	99,51	95,18	68,45	68,07	60,86	51,51	50,07	42,28	41,11	39,45	41,13	36,49	37,83	34,98	34,09	33,49	33,50	29,33	29,08	28,00	30,85	27,13	29,95	28,75	30,43	25,10	27,73	25,59	23,39	25,76	26,74	23,74	24,35	23,11	24,75	22,35	23,18	22,40	20,19	21,42	20,75	20,89	20,25	20,16	20,40	20,33	20,37	18,44	20,06	20,61	19,91	23,57	30,51	24,06	22,13	18,71	19,44	15,89	14,69	20,89	12,67	14,11	10,97	20,70	20,08	16,64	0,00	21,17	18,93	66,75	21,50	22,94	22,97	60,61	29,59	22,60	59,89	35,50	44,19	45,38	39,64	35,47	55,83	79,77	94,54	91,44	96,29	99,17	103,73	115,56	123,75	123,43	148,65	159,56
68	129,04	195,02	108,89	103,83	81,94	81,37	74,37	59,46	56,85	49,99	48,82	47,63	54,66	37,15	54,59	34,67	34,57	33,66	33,54	37,47	43,29	35,94	31,72	37,42	30,98	30,09	29,40	31,75	28,78	29,04	29,32	26,83	26,20	27,58	27,02	27,70	24,75	25,95	24,40	24,81	26,29	24,95	25,15	24,49	25,06	24,76	24,20	24,21	24,02	26,44	24,04	23,52	23,97	21,76	50,68	20,22	20,57	19,81	19,17	21,61	20,28	14,38	18,04	16,60	17,13	41,85	7,74	8,64	21,17	0,00	3,02	54,34	7,68	7,75	15,83	39,75	16,18	28,54	39,50	21,17	27,68	29,18	26,55	47,56	45,46	67,82	78,83	78,62	84,87	88,84	94,13	109,03	115,39	116,93	139,35	150,63
69	131,75	193,69	109,34	104,38	81,66	81,12	74,06	59,92	57,45	50,39	49,21	47,94	54,23	38,32	53,60	35,92	35,71	34,83	34,72	37,62	42,63	36,08	32,74	37,25	31,96	30,99	30,61	31,96	29,68	29,61	29,55	27,66	27,23	28,03	27,62	28,05	25,64	26,37	25,09	25,35	26,36	25,32	25,41	24,83	25,25	24,97	24,49	24,50	24,33	26,24	24,30	23,91	24,22	22,76	48,92	21,45	21,46	20,21	19,74	21,44	20,01	15,59	17,54	16,40	16,36	39,62	9,23	9,00	18,93	3,02	0,00	53,80	5,84	6,45	13,51	41,70	15,14	25,60	41,16	20,59	27,84	29,27	25,81	44,56	44,47	67,27	79,09	78,27	84,28	88,06	93,25	107,72	114,36	115,63	138,50	149,73
70	115,59	142,37	163,13	158,14	134,62	134,16	126,99	113,71	111,17	104,19	103,01	101,73	107,06	91,22	104,57	88,66	88,70	87,78	87,64	91,37	95,08	89,83	85,98	90,74	85,26	84,40	83,49	85,74	83,09	83,33	83,34	81,17	80,47	81,80	81,32	81,84	79,08	80,15	78,73	79,08	80,11	79,11	79,20	78,62	79,04	78,76	78,29	78,29	78,12	79,81	78,09	77,69	78,01	76,06	95,53	74,41	74,90	73,98	73,44	75,09	73,60	68,65	70,98	70,09	69,50	83,16	62,00	62,73	66,75	54,34	53,80	0,00	48,27	47,37	43,88	42,29	38,77	49,93	37,25	33,22	27,81	26,22	28,02	61,15	11,84	13,49	30,33	24,73	30,54	34,81	40,47	58,06	62,24	65,66	85,35	96,74
71	131,78	187,85	114,93	110,02	86,72	86,22	79,11	65,54	63,14	55,99	54,81	53,50	59,21	44,16	57,93	41,76	41,55	40,66	40,56	43,10	47,42	41,56	38,57	42,52	37,77	36,80	36,45	37,50	35,49	35,32	35,11	33,45	33,06	33,71	33,35	33,68	31,45	32,04	30,86	31,07	31,85	30,98	31,01	30,47	30,82	30,54	30,12	30,11	29,96	31,56	29,90	29,57	29,82	28,59	52,00	27,29	27,27	25,90	25,49	26,82	25,33	21,42	22,74	21,82	21,35	41,74	15,00	14,78	21,50	7,68	5,84	48,27	0,00	1,49	8,26	39,93	9,50	22,27	38,72	15,21	23,14	24,46	20,25	41,80	38,72	61,71	74,23	72,85	78,69	82,38	87,52	101,89	108,57	109,80	132,77	143,98
72	130,37	187,39	115,77	110,82	87,81	87,30	80,20	66,36	63,90	56,82	55,64	54,36	60,32	44,67	59,20	42,23	42,07	41,18	41,07	44,00	48,58	42,46	39,14	43,53	38,36	37,41	36,94	38,37	36,10	36,06	35,96	34,09	33,62	34,48	34,07	34,49	32,06	32,81	31,54	31,80	32,74	31,77	31,84	31,27	31,67	31,39	30,93	30,93	30,76	32,54	30,73	30,35	30,64	29,15	53,43	27,76	27,87	26,66	26,19	27,77	26,30	21,89	23,75	22,74	22,42	43,21	15,34	15,45	22,94	7,75	6,45	47,37	1,49	0,00	8,79	38,44	8,69	23,32	37,23	14,20	21,89	23,24	19,37	42,91	38,04	60,84	73,05	71,89	77,84	81,61	86,80	101,40	107,94	109,31	132,05	143,29
73	136,41	181,01	120,39	115,68	90,82	90,38	83,20	71,26	69,12	61,71	60,52	59,08	63,29	51,14	60,75	48,85	48,51	47,66	47,58	48,59	51,27	47,07	45,40	47,48	44,57	43,52	43,55	43,22	42,22	41,63	40,92	40,13	40,00	39,90	39,75	39,72	38,24	38,21	37,43	37,43	37,53	37,13	37,00	36,59	36,72	36,48	36,19	36,17	36,05	36,83	35,93	35,79	35,82	35,58	52,79	34,53	34,16	32,27	32,07	32,37	30,82	28,75	28,08	27,65	26,39	41,29	22,69	21,78	22,97	15,83	13,51	43,88	8,26	8,79	0,00	43,45	7,97	15,42	41,35	13,26	22,35	23,29	16,76	35,03	33,32	57,06	71,65	68,61	73,78	77,02	81,88	95,27	102,53	103,19	127,06	138,16
74	93,05	178,16	139,30	133,63	117,47	116,77	110,22	91,67	88,30	83,11	82,10	81,44	91,49	66,80	93,19	64,19	64,85	63,97	63,77	72,76	81,19	71,38	63,26	73,95	62,90	62,54	60,19	67,26	61,46	63,30	65,00	60,24	58,68	62,53	61,42	63,05	58,22	61,26	58,84	59,82	62,81	60,54	61,15	60,27	61,29	60,98	60,18	60,24	59,99	63,78	60,17	59,27	60,17	55,32	90,42	53,11	54,88	56,05	54,96	59,27	58,28	49,12	56,66	54,81	56,23	81,27	44,22	47,05	60,61	39,75	41,70	42,29	39,93	38,44	43,45	0,00	35,69	58,31	5,04	32,20	25,12	25,53	33,23	77,17	42,64	52,50	51,49	58,80	67,37	73,23	79,43	99,08	101,08	106,31	121,41	132,87
75	128,74	178,85	124,42	119,49	96,10	95,61	88,48	75,02	72,58	65,48	64,30	62,99	68,56	53,29	66,88	50,83	50,70	49,80	49,69	52,60	56,69	51,07	47,79	52,00	47,03	46,09	45,55	47,00	44,78	44,75	44,60	42,77	42,27	43,16	42,76	43,16	40,73	41,49	40,23	40,49	41,35	40,44	40,49	39,94	40,31	40,03	39,59	39,59	39,43	41,05	39,38	39,03	39,30	37,81	59,92	36,37	36,54	35,34	34,88	36,32	34,83	30,50	32,22	31,33	30,78	48,82	23,89	24,14	29,59	16,18	15,14	38,77	9,50	8,69	7,97	35,69	0,00	22,67	33,43	5,93	14,71	15,81	10,75	41,93	29,35	52,21	65,15	63,37	69,19	72,92	78,11	92,86	99,27	100,76	123,36	134,60
76	151,35	177,22	121,69	117,52	89,54	89,25	82,07	74,10	72,67	64,88	63,72	62,06	62,81	57,91	57,86	56,04	55,36	54,64	54,61	51,90	50,96	50,53	52,09	49,72	51,19	50,02	51,02	47,42	48,85	47,27	45,51	46,75	47,25	45,40	45,73	44,92	45,29	43,84	44,00	43,54	42,16	42,81	42,33	42,25	41,90	41,74	41,77	41,72	41,69	40,68	41,45	41,72	41,31	43,28	46,54	42,95	41,76	38,90	39,19	37,31	35,85	37,92	33,26	33,82	31,33	33,76	33,37	31,13	22,60	28,54	25,60	49,93	22,27	23,32	15,42	58,31	22,67	0,00	55,77	26,51	35,20	35,70	27,73	19,65	38,17	61,83	79,75	73,81	77,41	79,48	83,51	93,83	102,67	101,63	127,82	138,50
77	95,68	173,86	141,74	136,14	118,91	118,25	111,57	93,62	90,35	84,85	83,80	83,05	92,53	68,86	93,68	66,22	66,79	65,89	65,70	74,02	81,89	72,59	65,01	74,96	64,58	64,14	61,97	68,42	63,01	64,63	66,10	61,65	60,20	63,73	62,69	64,18	59,58	62,38	60,06	60,96	63,72	61,59	62,13	61,29	62,23	61,92	61,16	61,21	60,96	64,51	61,12	60,27	61,11	56,60	90,07	54,43	56,04	56,91	55,88	59,88	58,80	50,06	56,99	55,23	56,39	80,40	44,70	47,29	59,89	39,50	41,16	37,25	38,72	37,23	41,35	5,04	33,43	55,77	0,00	29,33	21,51	21,69	29,69	74,24	37,84	47,55	47,47	54,12	62,60	68,40	74,58	94,13	96,28	101,39	116,87	128,34
78	125,01	174,23	129,91	124,92	101,92	101,42	94,30	80,48	77,96	70,97	69,79	68,53	74,39	58,26	72,81	55,74	55,70	54,79	54,66	58,20	62,56	56,66	52,89	57,71	52,15	51,26	50,51	52,54	49,95	50,11	50,14	48,00	47,37	48,58	48,11	48,63	45,92	46,93	45,53	45,86	46,93	45,89	45,99	45,40	45,84	45,56	45,07	45,08	44,91	46,73	44,88	44,47	44,80	42,93	65,76	41,36	41,73	40,76	40,22	41,97	40,50	35,55	37,93	36,94	36,55	54,49	28,89	29,51	35,50	21,17	20,59	33,22	15,21	14,20	13,26	32,20	5,93	26,51	29,33	0,00	9,11	10,04	5,44	44,99	24,48	46,70	59,22	57,69	63,73	67,66	72,98	88,35	94,33	96,23	118,18	129,48
79	116,87	170,16	136,38	131,22	109,49	108,95	101,90	87,00	84,26	77,58	76,42	75,28	82,07	63,81	81,07	61,21	61,34	60,41	60,26	65,16	70,42	63,62	58,76	65,03	58,09	57,31	56,14	59,43	56,02	56,59	57,00	54,19	53,31	55,20	54,56	55,35	52,06	53,59	51,90	52,41	53,96	52,60	52,83	52,15	52,74	52,44	51,87	51,89	51,69	54,02	51,72	51,18	51,66	48,99	74,60	47,19	47,94	47,47	46,78	49,20	47,80	41,60	45,38	44,15	44,18	63,51	35,04	36,32	44,19	27,68	27,84	27,81	23,14	21,89	22,35	25,12	14,71	35,20	21,51	9,11	0,00	1,59	8,18	52,98	21,91	41,11	51,25	51,32	58,11	62,62	68,27	85,10	89,99	92,86	113,13	124,53
80	116,72	168,57	137,92	132,77	110,92	110,39	103,33	88,53	85,80	79,10	77,94	76,79	83,49	65,38	82,39	62,78	62,90	61,98	61,83	66,65	71,81	65,11	60,31	66,48	59,64	58,86	57,70	60,93	57,56	58,11	58,50	55,73	54,86	56,71	56,08	56,86	53,60	55,10	53,43	53,93	55,44	54,11	54,32	53,66	54,23	53,93	53,37	53,39	53,19	55,47	53,21	52,68	53,15	50,54	75,73	48,75	49,48	48,97	48,29	50,66	49,25	43,14	46,81	45,61	45,59	64,53	36,57	37,80	45,38	29,18	29,27	26,22	24,46	23,24	23,29	25,53	15,81	35,70	21,69	10,04	1,59	0,00	8,22	53,17	20,50	39,52	49,83	49,75	56,52	61,03	66,69	83,56	88,41	91,31	111,54	122,94
81	124,93	168,79	135,14	130,19	106,78	106,30	99,16	85,73	83,25	76,20	75,01	73,73	79,23	63,67	77,27	61,16	61,10	60,19	60,07	63,35	67,32	61,81	58,27	62,75	57,53	56,62	55,92	57,73	55,31	55,40	55,33	53,34	52,75	53,84	53,40	53,86	51,27	52,18	50,84	51,15	52,09	51,14	51,21	50,64	51,03	50,76	50,30	50,30	50,13	51,80	50,10	49,72	50,01	48,30	69,53	46,76	47,08	46,02	45,52	47,07	45,58	40,93	42,97	42,07	41,52	57,87	34,28	34,78	39,64	26,55	25,81	28,02	20,25	19,37	16,76	33,23	10,75	27,73	29,69	5,44	8,18	8,22	0,00	44,95	19,04	41,47	54,91	52,62	58,47	62,30	67,58	82,92	88,90	90,79	112,80	124,08
82	169,85	170,59	127,87	124,41	93,53	93,44	86,59	83,48	82,85	75,09	74,02	72,24	69,23	71,84	61,79	70,42	69,49	68,92	68,94	63,14	58,62	62,03	66,27	60,13	65,38	64,18	65,89	59,85	63,18	60,92	58,44	61,23	62,18	59,09	59,79	58,41	60,19	57,77	58,64	57,87	55,44	56,87	56,16	56,34	55,65	55,57	55,86	55,78	55,83	53,48	55,52	56,08	55,36	58,81	47,30	59,00	57,32	54,03	54,63	51,36	50,15	54,76	47,99	49,15	46,16	35,10	51,33	48,58	35,47	47,56	44,56	61,15	41,80	42,91	35,03	77,17	41,93	19,65	74,24	44,99	52,98	53,17	44,95	0,00	49,59	70,85	91,45	82,61	84,26	84,87	87,72	93,76	104,30	101,13	129,59	139,53
83	124,85	149,75	153,50	148,67	124,10	123,67	116,48	104,19	101,85	94,64	93,45	92,09	96,59	82,61	93,60	80,12	80,03	79,13	79,01	81,63	84,55	80,10	77,14	80,72	76,38	75,44	74,86	76,11	74,13	74,05	73,75	72,12	71,62	72,43	72,07	72,38	70,09	70,75	69,57	69,79	70,43	69,69	69,68	69,17	69,47	69,20	68,81	68,80	68,65	69,93	68,59	68,29	68,49	67,16	84,06	65,69	65,90	64,62	64,20	65,32	63,79	59,83	61,10	60,41	59,51	71,58	53,20	53,47	55,83	45,46	44,47	11,84	38,72	38,04	33,32	42,64	29,35	38,17	37,84	24,48	21,91	20,50	19,04	49,59	0,00	24,01	42,10	35,86	40,49	43,75	48,80	63,93	69,93	71,78	94,05	105,26
84	112,27	129,30	176,60	171,62	147,88	147,43	140,25	127,18	124,65	117,66	116,48	115,19	120,33	104,69	117,57	102,11	102,17	101,25	101,11	104,81	108,32	103,28	99,46	104,14	98,74	97,89	96,96	99,20	96,58	96,81	96,80	94,65	93,95	95,28	94,80	95,32	92,56	93,62	92,21	92,56	93,56	92,59	92,67	92,09	92,50	92,22	91,76	91,76	91,59	93,23	91,56	91,17	91,48	89,55	108,01	87,89	88,38	87,46	86,92	88,53	87,03	82,14	84,39	83,53	82,89	95,45	75,48	76,21	79,77	67,82	67,27	13,49	61,71	60,84	57,06	52,50	52,21	61,83	47,55	46,70	41,11	39,52	41,47	70,85	24,01	0,00	22,84	11,99	17,06	21,65	27,56	46,59	49,45	53,86	72,03	83,45
85	89,57	126,79	186,79	181,43	160,72	160,18	153,14	137,65	134,72	128,37	127,24	126,18	133,32	113,66	132,03	111,01	111,34	110,41	110,24	116,23	121,63	114,70	109,04	116,24	108,45	107,78	106,22	110,49	106,53	107,41	108,06	104,82	103,75	106,13	105,39	106,35	102,68	104,56	102,71	103,31	105,10	103,61	103,89	103,18	103,83	103,53	102,92	102,95	102,74	105,24	102,79	102,19	102,74	99,60	124,31	97,65	98,68	98,51	97,74	100,41	99,03	92,33	96,63	95,37	95,42	112,32	85,94	87,47	94,54	78,83	79,09	30,33	74,23	73,05	71,65	51,49	65,15	79,75	47,47	59,22	51,25	49,83	54,91	91,45	42,10	22,84	0,00	15,97	23,79	30,16	35,78	57,03	54,53	62,63	71,34	82,62
86	104,21	120,42	187,51	182,43	159,33	158,86	151,70	138,08	135,45	128,60	127,42	126,19	131,77	115,13	129,27	112,53	112,66	111,73	111,58	115,89	119,80	114,35	110,05	115,36	109,36	108,55	107,45	110,22	107,26	107,66	107,81	105,38	104,58	106,19	105,64	106,27	103,27	104,54	103,02	103,43	104,62	103,52	103,66	103,04	103,51	103,23	102,73	102,74	102,56	104,40	102,54	102,10	102,47	100,22	119,92	98,47	99,12	98,38	97,78	99,65	98,17	92,81	95,58	94,63	94,14	107,40	86,19	87,13	91,44	78,62	78,27	24,73	72,85	71,89	68,61	58,80	63,37	73,81	54,12	57,69	51,32	49,75	52,62	82,61	35,86	11,99	15,97	0,00	8,99	15,43	21,57	42,67	42,50	49,03	62,97	74,45
87	108,69	112,63	193,61	188,65	164,59	164,16	156,97	144,19	141,69	134,66	133,48	132,18	137,07	121,74	134,01	119,17	119,22	118,30	118,16	121,78	125,03	120,25	116,51	121,04	115,80	114,94	114,02	116,19	113,63	113,84	113,79	111,70	111,01	112,30	111,84	112,33	109,61	110,64	109,25	109,59	110,53	109,60	109,67	109,10	109,50	109,22	108,76	108,77	108,60	110,17	108,57	108,18	108,48	106,60	123,89	104,94	105,43	104,48	103,96	105,48	103,97	99,19	101,33	100,51	99,80	111,17	92,53	93,23	96,29	84,87	84,28	30,54	78,69	77,84	73,78	67,37	69,19	77,41	62,60	63,73	58,11	56,52	58,47	84,26	40,49	17,06	23,79	8,99	0,00	6,51	12,59	33,76	33,73	40,05	55,17	66,63
88	112,90	107,66	197,25	192,39	167,61	167,21	160,00	147,91	145,51	138,36	137,17	135,82	140,16	125,88	136,68	123,34	123,34	122,42	122,29	125,37	128,10	123,84	120,55	124,46	119,82	118,92	118,14	119,84	117,61	117,67	117,46	115,64	115,03	116,08	115,68	116,06	113,57	114,41	113,14	113,41	114,16	113,36	113,38	112,85	113,18	112,91	112,49	112,49	112,33	113,68	112,28	111,95	112,19	110,60	126,02	109,01	109,38	108,26	107,80	109,06	107,53	103,21	104,85	104,13	103,26	113,20	96,55	97,06	99,17	88,84	88,06	34,81	82,38	81,61	77,02	73,23	72,92	79,48	68,40	67,66	62,62	61,03	62,30	84,87	43,75	21,65	30,16	15,43	6,51	0,00	6,23	27,26	27,94	33,65	50,56	61,93
89	115,28	101,90	202,24	197,45	172,18	171,80	164,59	152,97	150,65	143,42	142,23	140,85	144,81	131,24	141,04	128,72	128,68	127,77	127,64	130,38	132,75	128,85	125,85	129,36	125,10	124,19	123,49	124,89	122,87	122,84	122,53	120,88	120,33	121,22	120,86	121,17	118,83	119,55	118,34	118,58	119,20	118,48	118,48	117,97	118,26	118,00	117,60	117,60	117,45	118,65	117,38	117,08	117,29	115,88	129,98	114,34	114,64	113,42	112,99	114,08	112,54	108,51	109,84	109,19	108,21	117,10	101,86	102,25	103,73	94,13	93,25	40,47	87,52	86,80	81,88	79,43	78,11	83,51	74,58	72,98	68,27	66,69	67,58	87,72	48,80	27,56	35,78	21,57	12,59	6,23	0,00	21,29	21,89	27,46	45,25	56,50
90	129,43	85,99	215,03	210,57	183,36	183,07	175,90	166,35	164,35	156,84	155,64	154,14	156,52	146,04	151,59	143,63	143,43	142,55	142,44	143,66	144,55	142,17	140,43	142,19	139,63	138,63	138,33	138,42	137,32	136,89	136,16	135,26	134,94	135,16	134,98	134,99	133,29	133,48	132,60	132,67	132,75	132,40	132,27	131,86	131,98	131,74	131,46	131,44	131,32	131,91	131,20	131,05	131,09	130,48	139,14	129,15	129,14	127,49	127,22	127,58	126,03	123,28	123,28	122,92	121,52	126,23	116,73	116,63	115,56	109,03	107,72	58,06	101,89	101,40	95,27	99,08	92,86	93,83	94,13	88,35	85,10	83,56	82,92	93,76	63,93	46,59	57,03	42,67	33,76	27,26	21,29	0,00	12,95	7,92	36,53	45,84
91	117,86	80,17	222,86	218,20	192,02	191,69	184,49	173,78	171,58	164,23	163,04	161,61	164,87	152,54	160,51	150,05	149,96	149,06	148,94	151,11	152,83	149,60	147,07	149,90	146,30	145,35	144,79	145,72	144,04	143,86	143,39	142,02	141,55	142,20	141,91	142,11	140,00	140,52	139,43	139,61	140,03	139,45	139,40	138,92	139,15	138,90	138,54	138,53	138,39	139,35	138,31	138,06	138,21	137,08	148,66	135,62	135,81	134,43	134,06	134,87	133,33	129,76	130,60	130,07	128,91	135,73	123,13	123,35	123,75	115,39	114,36	62,24	108,57	107,94	102,53	101,08	99,27	102,67	96,28	94,33	89,99	88,41	88,90	104,30	69,93	49,45	54,53	42,50	33,73	27,94	21,89	12,95	0,00	11,29	25,33	35,85
92	128,96	78,09	222,91	218,46	191,15	190,87	183,70	174,25	172,26	164,74	163,55	162,05	164,36	153,95	159,36	151,54	151,35	150,46	150,35	151,57	152,40	150,08	148,35	150,08	147,54	146,54	146,24	146,34	145,23	144,80	144,07	143,17	142,86	143,08	142,90	142,91	141,21	141,40	140,51	140,58	140,67	140,32	140,18	139,78	139,90	139,66	139,37	139,35	139,23	139,82	139,12	138,96	139,01	138,39	146,79	137,06	137,05	135,41	135,14	135,50	133,94	131,19	131,19	130,84	129,43	133,89	124,63	124,54	123,43	116,93	115,63	65,66	109,80	109,31	103,19	106,31	100,76	101,63	101,39	96,23	92,86	91,31	90,79	101,13	71,78	53,86	62,63	49,03	40,05	33,65	27,46	7,92	11,29	0,00	30,42	38,88
93	106,57	57,50	247,45	242,69	217,03	216,68	209,47	198,21	195,90	188,66	187,47	186,08	189,78	176,43	185,63	173,89	173,88	172,96	172,83	175,60	177,72	174,08	171,07	174,53	170,32	169,42	168,68	170,13	168,10	168,09	167,78	166,12	165,55	166,47	166,11	166,42	164,06	164,80	163,59	163,83	164,44	163,74	163,73	163,22	163,51	163,24	162,85	162,85	162,70	163,87	162,63	162,34	162,54	161,10	173,94	159,54	159,87	158,67	158,23	159,31	157,77	153,73	155,06	154,44	153,42	161,00	147,07	147,50	148,65	139,35	138,50	85,35	132,77	132,05	127,06	121,41	123,36	127,82	116,87	118,18	113,13	111,54	112,80	129,59	94,05	72,03	71,34	62,97	55,17	50,56	45,25	36,53	25,33	30,42	0,00	11,49
94	106,98	46,02	258,55	253,83	227,87	227,53	220,33	209,37	207,09	199,81	198,62	197,22	200,69	187,74	196,35	185,21	185,18	184,27	184,14	186,73	188,65	185,21	182,35	185,60	181,60	180,68	179,99	181,29	179,37	179,31	178,94	177,37	176,83	177,68	177,34	177,61	175,33	176,00	174,83	175,05	175,60	174,93	174,91	174,41	174,68	174,42	174,04	174,04	173,89	174,98	173,82	173,54	173,72	172,38	184,41	170,84	171,13	169,88	169,46	170,45	168,92	165,01	166,20	165,60	164,54	171,48	158,36	158,73	159,56	150,63	149,73	96,74	143,98	143,29	138,16	132,87	134,60	138,50	128,34	129,48	124,53	122,94	124,08	139,53	105,26	83,45	82,62	74,45	66,63	61,93	56,50	45,84	35,85	38,88	11,49	0,00
